{"charErrorRates": [0.5390821319931226, 0.28351628973239873, 0.24123793149054357, 0.19662302164616674, 0.18485209187497245, 0.1647048450381343, 0.15778336198915488, 0.14843715557906803, 0.13992858087554555, 0.1397522373583741, 0.13900277741039546, 0.13322752722303047, 0.1309350614998016, 0.12943614160384428, 0.1257770136225367, 0.12233831503769342, 0.11757704007406428, 0.11956090464224309, 0.12035445046951461, 0.11942864700436451, 0.11704800952254993, 0.11479962967861394, 0.1110964158180135, 0.11524048847154257, 0.11405016973063528, 0.10950932416347044, 0.11043512762862055, 0.10937706652559186, 0.11299210862760657, 0.11021469823215624, 0.11047921350791341, 0.11153727461094212, 0.11188996164528502, 0.10818674778468457, 0.11074372878367059, 0.10880395009478463, 0.10682008552660582, 0.11378565445487811, 0.1039104174932769, 0.10765771723317022, 0.10651148437155579, 0.10668782788872724, 0.10488030683771987, 0.10787814662963453, 0.10721685844024159, 0.10659965613014151, 0.10840717718114888, 0.10726094431953445, 0.10977383943922761, 0.10840717718114888, 0.10558568090640567, 0.10593836794074858, 0.10488030683771987, 0.1079222325089274, 0.10505665035489133, 0.10408676101044835, 0.10655557025084865, 0.10783406075034166, 0.10280827051095534, 0.10946523828417758, 0.10695234316448442, 0.10386633161398404, 0.10646739849226293, 0.10457170568266984, 0.10395450337256977, 0.10399858925186263, 0.1042631045276198, 0.10576202442357713, 0.10664374200943438, 0.10620288321650576, 0.10682008552660582, 0.10505665035489133, 0.10576202442357713, 0.10593836794074858, 0.10633514085438434, 0.10646739849226293, 0.10624696909579862, 0.10567385266499141, 0.10479213507913415, 0.10439536216549838, 0.10320504342459111, 0.1068641714058987, 0.10567385266499141, 0.10514482211347706], "wordAccuracies": [0.23921704486402218, 0.45210462497834747, 0.509267278711242, 0.5747445002598303, 0.5946648189849298, 0.6298285120388013, 0.6416074831110341, 0.6573705179282868, 0.6731335527455395, 0.6712281309544431, 0.6760782955135978, 0.6842196431664646, 0.690109128702581, 0.6954789537502165, 0.6963450545643513, 0.7043131820543911, 0.7176511345920665, 0.7164385934522779, 0.7107223280789884, 0.712108089381604, 0.7186904555690282, 0.7209423176857787, 0.7316819677810498, 0.7223280789883942, 0.7226745193140481, 0.7325480685951845, 0.734107050060627, 0.7351463710375887, 0.7273514637103758, 0.7292568855014724, 0.7308158669669149, 0.7290836653386454, 0.7302962064784341, 0.7393036549454356, 0.7287372250129915, 0.7386107742941278, 0.7419019573878399, 0.726658583059068, 0.7434609388532826, 0.7372250129915122, 0.7427680582019747, 0.7401697557595704, 0.7434609388532826, 0.7401697557595704, 0.7406894162480513, 0.7420751775506669, 0.7356660315260697, 0.7361856920145505, 0.7328945089208384, 0.7372250129915122, 0.7412090767365321, 0.7412090767365321, 0.7441538195045904, 0.7384375541313009, 0.7470985622726485, 0.7467521219469946, 0.7419019573878399, 0.7446734799930712, 0.7507361856920145, 0.73791789364282, 0.7373982331543392, 0.7479646630867833, 0.7441538195045904, 0.7439805993417634, 0.7460592412956868, 0.7441538195045904, 0.7496968647150528, 0.7422483977134938, 0.7373982331543392, 0.7425948380391477, 0.7405161960852243, 0.7464056816213407, 0.7460592412956868, 0.7425948380391477, 0.7413822968993591, 0.7399965355967435, 0.7419019573878399, 0.7405161960852243, 0.7462324614585137, 0.7412090767365321, 0.7476182227611294, 0.7424216178763208, 0.7450199203187251, 0.7457128009700329]}